fromScene,toScene,storyReturn,positionJump,boundaryVelocityDelta,activeVelocityDelta,directionFlip,pass,reasons
1,2,False,0.0,0.009999999999999953,0.10999999999999781,False,True,[]
2,3,False,0.0,2.7755575615628914e-16,0.0,False,True,[]
3,4,False,0.0,0.0033333333333327997,0.10999999999999303,False,True,[]
4,5,True,0.0,0.0,0.029999999999996668,True,True,[]
5,6,False,0.0,0.0033333333333330495,0.06000000000000494,False,True,[]
6,7,False,0.0,0.0033333333333331328,0.029999999999996668,False,True,[]
7,8,False,0.0,0.0033333333333364634,0.029999999999996668,False,True,[]
8,9,False,0.0,0.003333333333332883,0.06000000000000166,False,True,[]
9,10,True,0.0,0.0,0.02000000000000061,True,True,[]
10,11,False,0.0,0.003333333333333001,0.029999999999999447,False,True,[]
11,12,False,0.0,0.006666666666666016,0.02999999999999975,False,True,[]
12,13,False,0.0,1.7208456881689926e-15,0.009999999999998871,False,True,[]
13,14,False,0.0,3.83026943495679e-15,0.009999999999998871,False,True,[]
14,15,False,0.0,0.006666666666665849,0.03000000000000283,False,True,[]
15,16,False,0.0,0.0033333333333329315,0.030000000000007774,False,True,[]
16,17,True,0.0,0.0,0.020000000000008882,True,True,[]
17,18,False,0.0,0.006666666666666057,0.08999999999999002,False,True,[]
18,19,False,0.0,3.913536161803677e-15,0.0,False,True,[]
19,20,False,0.0,0.006666666666667653,0.08999999999999524,False,True,[]
20,21,True,0.0,0.0,0.02000000000000333,True,True,[]
21,22,False,0.0,0.003333333333331124,0.00999999999999889,False,True,[]
22,23,False,0.0,0.003333333333333001,0.009999999999998892,False,True,[]
23,24,False,0.0,0.003333333333331169,0.01999999999999723,False,True,[]
24,25,False,0.0,1.7763568394002505e-15,5.551115123125783e-15,False,True,[]
25,26,False,0.0,3.608224830031759e-15,1.0852430065710905e-14,False,True,[]
26,27,False,0.0,8.326672684688674e-17,1.1102230246251565e-14,False,True,[]
27,28,False,0.0,0.0033333333333329038,0.019999999999992094,False,True,[]
28,29,False,0.0,0.0033333333333329315,0.010000000000009952,False,True,[]
29,30,False,0.0,0.003333333333336656,0.00999999999999889,False,True,[]
30,31,True,0.0,0.0,0.019999999999997794,True,True,[]
31,32,False,0.0,1.214306433183765e-17,0.00999999999999889,False,True,[]
32,33,False,0.0,0.0033333333333367063,0.015000000000003719,False,True,[]
33,34,False,0.0,0.0033333333333330356,0.010000000000009598,False,True,[]
34,35,False,0.0,3.608224830031759e-15,0.009999999999998899,False,True,[]
35,36,False,0.0,8.326672684688674e-17,6.938893903907228e-16,False,True,[]
36,37,False,0.0,8.326672684688674e-17,0.009999999999998899,False,True,[]
37,38,False,0.0,0.003333333333331051,0.010000000000004436,False,True,[]
38,39,False,0.0,0.003333333333331079,0.014999999999999639,False,True,[]
39,40,False,0.0,1.214306433183765e-17,0.010000000000001624,False,True,[]
40,41,True,0.0,0.0,0.019999999999999196,True,True,[]
41,42,False,0.0,9.124645483638005e-16,0.010000000000001666,False,True,[]
42,43,False,0.0,1.887379141862766e-15,0.010000000000001806,False,True,[]
43,44,False,0.0,1.915134717478395e-15,0.010000000000004436,False,True,[]
44,45,False,0.0,8.326672684688674e-17,4.163336342344337e-16,False,True,[]
45,46,False,0.0,9.71445146547012e-17,0.0,False,True,[]
46,47,False,0.0,8.326672684688674e-17,0.0,False,True,[]
47,48,False,0.0,3.622102617839573e-15,0.009999999999998885,False,True,[]
48,49,False,0.0,3.740063814205996e-15,0.010000000000009994,False,True,[]
49,50,False,0.0,3.689756833402669e-15,0.00999999999999889,False,True,[]
50,51,True,0.0,0.0,0.019999999999997808,True,True,[]
51,52,False,0.0,0.0033333333333366803,0.009999999999998945,False,True,[]
52,53,False,0.0,0.0033333333333329246,0.015000000000003955,False,True,[]
53,54,False,0.0,0.003333333333336727,0.01999999999999777,False,True,[]
54,55,False,0.0,8.326672684688674e-17,0.009999999999998885,False,True,[]
55,56,False,0.0,1.9567680809018384e-15,0.0,False,True,[]
56,57,False,0.0,8.326672684688674e-17,0.009999999999998885,False,True,[]
57,58,False,0.0,0.003333333333332897,0.020000000000002932,False,True,[]
58,59,False,0.0,0.0033333333333339307,0.015000000000001276,False,True,[]
59,60,False,0.0,0.0033333333333329506,0.010000000000001638,False,True,[]
60,61,True,0.0,0.0,0.019999999999997794,True,True,[]
61,62,False,0.0,9.124645483638005e-16,0.01000000000000161,False,True,[]
62,63,False,0.0,0.003333333333333001,0.015000000000000943,False,True,[]
63,64,False,0.0,0.0033333333333348814,0.010000000000004436,False,True,[]
64,65,False,0.0,1.762479051592436e-15,0.009999999999998899,False,True,[]
65,66,False,0.0,8.326672684688674e-17,6.938893903907228e-16,False,True,[]
66,67,False,0.0,3.608224830031759e-15,0.009999999999998899,False,True,[]
67,68,False,0.0,0.0033333333333292053,0.009999999999998885,False,True,[]
68,69,False,0.0,0.003333333333336623,0.015000000000003802,False,True,[]
69,70,False,0.0,3.714042962066344e-15,0.00999999999999889,False,True,[]
70,71,True,0.0,0.0,0.01999999999999778,True,True,[]
71,72,False,0.0,0.003333333333336656,0.00999999999999889,False,True,[]
72,73,False,0.0,4.163336342344337e-17,0.019999999999992066,False,True,[]
73,74,False,0.0,6.938893903907228e-17,0.014999999999992991,False,True,[]
74,75,False,0.0,8.326672684688674e-17,5.800915303666443e-15,False,True,[]
75,76,False,0.0,8.326672684688674e-17,0.0,False,True,[]
76,77,False,0.0,1.9290125052862095e-15,5.551115123125783e-15,False,True,[]
77,78,False,0.0,1.790234627208065e-15,0.015000000000000957,False,True,[]
78,79,False,0.0,1.887379141862766e-15,0.019999999999997783,False,True,[]
79,80,False,0.0,0.0033333333333329766,0.010000000000001666,False,True,[]
80,81,True,0.0,0.0,0.02000000000000061,True,True,[]
81,82,False,0.0,9.124645483638005e-16,0.010000000000001666,False,True,[]
82,83,False,0.0,0.003333333333331079,0.019999999999997783,False,True,[]
83,84,False,0.0,0.003333333333332897,0.01999999999999523,False,True,[]
84,85,False,0.0,1.9290125052862095e-15,0.009999999999998899,False,True,[]
85,86,False,0.0,8.326672684688674e-17,0.0,False,True,[]
86,87,False,0.0,8.326672684688674e-17,0.009999999999998899,False,True,[]
87,88,False,0.0,0.003333333333336727,0.019999999999997617,False,True,[]
88,89,False,0.0,0.003333333333333008,0.01999999999998668,False,True,[]
89,90,False,0.0,3.714042962066344e-15,0.00999999999999889,False,True,[]
90,91,True,0.0,0.0,0.01999999999999778,True,True,[]
91,92,False,0.0,3.694093642092611e-15,0.0,False,True,[]
92,93,False,0.0,0.0033333333333366855,0.009999999999998888,False,True,[]
93,94,False,0.0,3.6637359812630166e-15,0.010000000000004332,False,True,[]
94,95,False,0.0,0.0033333333333292192,1.1102230246251565e-14,False,True,[]
95,96,False,0.0,3.747002708109903e-15,0.0,False,True,[]
96,97,False,0.0,0.0033333333333293094,5.828670879282072e-15,False,True,[]
97,98,False,0.0,3.469446951953614e-17,0.009999999999998808,False,True,[]
98,99,False,0.0,0.0033333333333329454,0.009999999999998888,False,True,[]
99,100,False,0.0,3.694093642092611e-15,0.0,False,True,[]
