"clip","act","first","last","seed_family","recommended_seed","seed_used","task_id","status","attempts","credits","file","prompt","notes"
"ARC-001","ACT I - THE CITY ABOVE","ARC-KF01","ARC-KF02","UPPER_CITY","173201","","","pending","0","0","ARC-001.mp4","Generate single shot. Treat the supplied ARC-KF01 FIRST frame and ARC-KF02 LAST frame as immutable exact endpoints. One continuous dawn event lays the existing clouds into visible brushstrokes and carries their warm light down the central avenue until the streets and five monument plinths reach the supplied morning state. Make one slow 35 mm aerial push forward eighty metres toward the city along the avenue axis, preserving the exact skyline, central tower, cliff, ocean, airship lanes, gold-teal architecture, and centered sun as the painted clouds settle. Complete the dominant action by 4.5 seconds, match the supplied ARC-KF02 LAST frame exactly, and hold motionless through 5.0 seconds. painterly graphic-novel realism, visible brushstrokes, art-deco gold-teal above, neon green-magenta undercity, hand-drawn smoke, hard rim light. No dialogue. No background music.",""
"ARC-002","ACT I - THE CITY ABOVE","ARC-KF02","ARC-KF03","UPPER_CITY","173201","","","pending","0","0","ARC-002.mp4","Generate single shot. Treat the supplied ARC-KF02 FIRST frame and ARC-KF03 LAST frame as immutable exact endpoints. Each of the five complete plinths keeps its built monument rigid while its existing long shadow coherently reshapes into a small crowd using that monument, then settles in the original sun-cast direction as the brass globe becomes the destination. Make one slow 45 mm lateral track right twelve metres past all five complete plinths, preserving the globe, mask, cannon, dome, statue, their spacing, avenue symmetry, and warm upper-city daylight. Complete the dominant action by 4.5 seconds, match the supplied ARC-KF03 LAST frame exactly, and hold motionless through 5.0 seconds. painterly graphic-novel realism, visible brushstrokes, art-deco gold-teal above, neon green-magenta undercity, hand-drawn smoke, hard rim light. No dialogue. No background music.",""
"ARC-003","ACT I - THE CITY ABOVE","ARC-KF03","ARC-KF04","UPPER_CITY","173201","","","pending","0","0","ARC-003.mp4","Generate single shot. Treat the supplied ARC-KF03 FIRST frame and ARC-KF04 LAST frame as immutable exact endpoints. The emerald-teal ocean inside the existing brass globe completes one gentle circulating swell while the glass carries a live reflection of one athlete's long leap toward the neighboring mask plinth. Make one slow 60 mm clockwise orbit of eight degrees around the globe, preserving the floating-island positions, moving water, glass reflections, gold gallery daylight, and rigid globe geometry as its real brass meridian crosses the lens as natural foreground occlusion. Complete the dominant action by 4.5 seconds, match the supplied ARC-KF04 LAST frame exactly, and hold motionless through 5.0 seconds. painterly graphic-novel realism, visible brushstrokes, art-deco gold-teal above, neon green-magenta undercity, hand-drawn smoke, hard rim light. No dialogue. No background music.",""
"ARC-004","ACT I - THE CITY ABOVE","ARC-KF04","ARC-KF05","UPPER_CITY","173201","","","pending","0","0","ARC-004.mp4","Generate single shot. Treat the supplied ARC-KF04 FIRST frame and ARC-KF05 LAST frame as immutable exact endpoints. The carved leaves around the existing mask perform one coherent rearrangement into a second readable face, then the same leaf forms finish as settled petals while the neighboring dome gleams beyond the gold frame. Make one slow 50 mm lateral track right four metres across the mask, preserving the rigid jungle-king features, bright inlays, gallery daylight, and carved material as the real frame passes close to the lens as physical occlusion. Complete the dominant action by 4.5 seconds, match the supplied ARC-KF05 LAST frame exactly, and hold motionless through 5.0 seconds. painterly graphic-novel realism, visible brushstrokes, art-deco gold-teal above, neon green-magenta undercity, hand-drawn smoke, hard rim light. No dialogue. No background music.",""
"ARC-005","ACT I - THE CITY ABOVE","ARC-KF05","ARC-KF06","UPPER_CITY","173201","","","pending","0","0","ARC-005.mp4","Generate single shot. Treat the supplied ARC-KF05 FIRST frame and ARC-KF06 LAST frame as immutable exact endpoints. The existing printed picture completes one visible repaint stroke as its sheet settles onto the cake and dissolves cleanly into frosting; the resulting warm steam rises as a single coherent veil toward the statue hall. Make one slow 70 mm macro push forward one metre over the settling sheet, preserving the glass dome, brass arms, porcelain cake, warm window light, and painterly materials as the real steam passes across the lens as physical occlusion. Complete the dominant action by 4.5 seconds, match the supplied ARC-KF06 LAST frame exactly, and hold motionless through 5.0 seconds. painterly graphic-novel realism, visible brushstrokes, art-deco gold-teal above, neon green-magenta undercity, hand-drawn smoke, hard rim light. No dialogue. No background music.",""
"ARC-006","ACT I - THE CITY ABOVE","ARC-KF06","ARC-KF07","UPPER_CITY","173201","","","pending","0","0","ARC-006.mp4","Generate single shot. Treat the supplied ARC-KF06 FIRST frame and ARC-KF07 LAST frame as immutable exact endpoints. The painted half of the existing statue completes one shallow breath while the marble half remains rigid; one gold clock reflection catches both eyes and travels down the central sternum seam. Make one slow 85 mm push forward 1.5 metres toward that seam, preserving the two material halves, stern identity, hard side light, statue proportions, and hall architecture as the real gold reflection expands across the lens into the supplied clock composition. Complete the dominant action by 4.5 seconds, match the supplied ARC-KF07 LAST frame exactly, and hold motionless through 5.0 seconds. painterly graphic-novel realism, visible brushstrokes, art-deco gold-teal above, neon green-magenta undercity, hand-drawn smoke, hard rim light. No dialogue. No background music.",""
"ARC-007","ACT I - THE CITY ABOVE","ARC-KF07","ARC-KF08","UPPER_CITY","173201","","","pending","0","0","ARC-007.mp4","Generate single shot. Treat the supplied ARC-KF07 FIRST frame and ARC-KF08 LAST frame as immutable exact endpoints. Each existing green-gold window in the clock ring holds one minute machine scene completing its check; the full ring then reaches one steady illumination whose reflection descends along the tower brass toward the street grate. Make one slow 40 mm crane upward fifteen metres along the clock face, preserving the exact circular geometry, brass ribs, window count, warm sky, and architectural axis as the real outer rim passes across the lens as physical occlusion. Complete the dominant action by 4.5 seconds, match the supplied ARC-KF08 LAST frame exactly, and hold motionless through 5.0 seconds. painterly graphic-novel realism, visible brushstrokes, art-deco gold-teal above, neon green-magenta undercity, hand-drawn smoke, hard rim light. No dialogue. No background music.",""
"ARC-008","ACT I - THE CITY ABOVE","ARC-KF08","ARC-KF09","UPPER_CITY","173201","","","pending","0","0","ARC-008.mp4","Generate single shot. Treat the supplied ARC-KF08 FIRST frame and ARC-KF09 LAST frame as immutable exact endpoints. The same adult faceless engineer lifts the existing street grate as green undercity glow paints the coat's shadow upward across the wall, then completes the action by stepping down into the waiting brass cage lift. Make one controlled 50 mm push forward one metre behind the engineer's shoulder, preserving the navy coat, gold seams, parapet, city light direction, rigid grate, and vertical shaft geometry as the grate rim becomes natural foreground occlusion. Complete the dominant action by 4.5 seconds, match the supplied ARC-KF09 LAST frame exactly, and hold motionless through 5.0 seconds. painterly graphic-novel realism, visible brushstrokes, art-deco gold-teal above, neon green-magenta undercity, hand-drawn smoke, hard rim light. No dialogue. No background music.",""
"ARC-009","ACT II - THE DESCENT","ARC-KF09","ARC-KF10","DESCENT","284302","","","pending","0","0","ARC-009.mp4","Generate single shot. Treat the supplied ARC-KF09 FIRST frame and ARC-KF10 LAST frame as immutable exact endpoints. The occupied brass cage lift performs one steady descent while the existing masonry strata scroll past like frames of an old film reel, each era remaining a finished architectural layer before the cage enters the green smog sea. Keep one locked 35 mm camera riding with the cage downward thirty metres at a constant speed, preserving the faceless engineer silhouette, cage proportions, shaft rails, mosaic strata, green-magenta lights, and deep workshop geography. Complete the dominant action by 4.5 seconds, match the supplied ARC-KF10 LAST frame exactly, and hold motionless through 5.0 seconds. painterly graphic-novel realism, visible brushstrokes, art-deco gold-teal above, neon green-magenta undercity, hand-drawn smoke, hard rim light. No dialogue. No background music.",""
"ARC-010","ACT II - THE DESCENT","ARC-KF10","ARC-KF11","DESCENT","284302","","","pending","0","0","ARC-010.mp4","Generate single shot. Treat the supplied ARC-KF10 FIRST frame and ARC-KF11 LAST frame as immutable exact endpoints. The descending cage breaks through one coherent smog layer while the existing abstract neon sign-shapes bend their light around the smog instead of through it; the vapor parts around the rigid cage and the workshop lane brightens ahead. Make one controlled 30 mm crane forward fifteen metres through the opening, preserving the iron and verdigris catwalks, magenta shapes, distant city scale, atmospheric density, and pipe geography as one real pipe supplies natural foreground occlusion. Complete the dominant action by 4.5 seconds, match the supplied ARC-KF11 LAST frame exactly, and hold motionless through 5.0 seconds. painterly graphic-novel realism, visible brushstrokes, art-deco gold-teal above, neon green-magenta undercity, hand-drawn smoke, hard rim light. No dialogue. No background music.",""
"ARC-011","ACT II - THE DESCENT","ARC-KF11","ARC-KF12","DESCENT","284302","","","pending","0","0","ARC-011.mp4","Generate single shot. Treat the supplied ARC-KF11 FIRST frame and ARC-KF12 LAST frame as immutable exact endpoints. The existing golden reel unspools one final measured length into the punched-glass rack while its wall shadow shows tiny figures dancing the data being read; the last plate clicks into place and steadies. Make one patient 65 mm macro track right 1.5 metres along the reel path, preserving the exact machine, bench, plate edges, rear-view engineer, green workshop light, and real wall projection as the completed rack becomes the supplied landing composition. Complete the dominant action by 4.5 seconds, match the supplied ARC-KF12 LAST frame exactly, and hold motionless through 5.0 seconds. painterly graphic-novel realism, visible brushstrokes, art-deco gold-teal above, neon green-magenta undercity, hand-drawn smoke, hard rim light. No dialogue. No background music.",""
"ARC-012","ACT II - THE DESCENT","ARC-KF12","ARC-KF13","DESCENT","284302","","","pending","0","0","ARC-012.mp4","Generate single shot. Treat the supplied ARC-KF12 FIRST frame and ARC-KF13 LAST frame as immutable exact endpoints. The existing backlight travels once from the lowest punched plate to the highest and casts their reflection onto the wall as an actual staircase of light, where the top step steadies at the open character-forge bay. Keep one locked 60 mm camera with zero translation and zero orbit, preserving the illuminated plates, etched marks, walls, catwalks, and centered engineer as the brightest real plate fills the lens as physical occlusion. Complete the dominant action by 4.5 seconds, match the supplied ARC-KF13 LAST frame exactly, and hold motionless through 5.0 seconds. painterly graphic-novel realism, visible brushstrokes, art-deco gold-teal above, neon green-magenta undercity, hand-drawn smoke, hard rim light. No dialogue. No background music.",""
"ARC-013","ACT II - THE DESCENT","ARC-KF13","ARC-KF14","DESCENT","284302","","","pending","0","0","ARC-013.mp4","Generate single shot. Treat the supplied ARC-KF13 FIRST frame and ARC-KF14 LAST frame as immutable exact endpoints. The existing brass armatures lift the blank mannequin through one continuous sheet of paint until the finished body clears the surface; the mirror already shows that finished result while the gauge needle settles inside its thin green band. Make one slow 55 mm lateral track right six metres past the forge and mirror, preserving mannequin proportions, armature count, paint surface, workshop palette, rear-view engineer, and rigid machinery as the connected copper trunk becomes the destination. Complete the dominant action by 4.5 seconds, match the supplied ARC-KF14 LAST frame exactly, and hold motionless through 5.0 seconds. painterly graphic-novel realism, visible brushstrokes, art-deco gold-teal above, neon green-magenta undercity, hand-drawn smoke, hard rim light. No dialogue. No background music.",""
"ARC-014","ACT II - THE DESCENT","ARC-KF14","ARC-KF15","DESCENT","284302","","","pending","0","0","ARC-014.mp4","Generate single shot. Treat the supplied ARC-KF14 FIRST frame and ARC-KF15 LAST frame as immutable exact endpoints. Exactly four identical droplets leave exactly four existing valves at the same instant and land in exactly four visible copper channels leading toward the transport loom. Make one slow 45 mm push upward six metres along the single copper trunk to its four-way split, preserving the exact valve count, four door colors, droplet identity, trunk geometry, rear-view engineer, rigid pipes, and undercity light as the four channels carry the action toward the supplied loom bed. Complete the dominant action by 4.5 seconds, match the supplied ARC-KF15 LAST frame exactly, and hold motionless through 5.0 seconds. painterly graphic-novel realism, visible brushstrokes, art-deco gold-teal above, neon green-magenta undercity, hand-drawn smoke, hard rim light. No dialogue. No background music.",""
"ARC-015","ACT II - THE DESCENT","ARC-KF15","ARC-KF16","DESCENT","284302","","","pending","0","0","ARC-015.mp4","Generate single shot. Treat the supplied ARC-KF15 FIRST frame and ARC-KF16 LAST frame as immutable exact endpoints. One coherent pulse travels from near to far across the existing woven light net; its knots brighten and dim in sequence like one living wave before the pulse reaches the ocean chart's distant edge. Make one slow 50 mm clockwise orbit of eighteen degrees above the loom bed, preserving every net knot, chart, brass frame, faceless engineer, green haze, magenta accents, and continuous workshop geography as the high gantry enters the supplied landing composition. Complete the dominant action by 4.5 seconds, match the supplied ARC-KF16 LAST frame exactly, and hold motionless through 5.0 seconds. painterly graphic-novel realism, visible brushstrokes, art-deco gold-teal above, neon green-magenta undercity, hand-drawn smoke, hard rim light. No dialogue. No background music.",""
"ARC-016","ACT II - THE DESCENT","ARC-KF16","ARC-KF17","DESCENT","284302","","","pending","0","0","ARC-016.mp4","Generate single shot. Treat the supplied ARC-KF16 FIRST frame and ARC-KF17 LAST frame as immutable exact endpoints. The same adult faceless engineer walks ten metres along the high gantry toward the existing magenta vat while every visible steam plume leans in the same direction toward that destination and holds its coherent flow. Make one patient 35 mm track forward eight metres behind the engineer at walking speed, preserving the navy coat, gold seams, rail height, machine layout, green atmospheric light, rigid workshop geography, and consistent screen direction until the vat dominates the supplied frame. Complete the dominant action by 4.5 seconds, match the supplied ARC-KF17 LAST frame exactly, and hold motionless through 5.0 seconds. painterly graphic-novel realism, visible brushstrokes, art-deco gold-teal above, neon green-magenta undercity, hand-drawn smoke, hard rim light. No dialogue. No background music.",""
"ARC-017","ACT III - THE CORE","ARC-KF17","ARC-KF18","CORE","395403","","","pending","0","0","ARC-017.mp4","Generate single shot. Treat the supplied ARC-KF17 FIRST frame and ARC-KF18 LAST frame as immutable exact endpoints. One existing magenta arc rises from the iron vat, freezes for one readable blink into glyph-like hand-drawn shapes, resumes its fluid path, and reaches the gantry rail as a single continuous energy event. Make one controlled 58 mm push forward five metres toward the vat rim, preserving the vessel, drawn-magenta energy, gantry, rear-view engineer, green workshop light, rigid pipe geography, and painterly arc thickness as the real rail crosses the lens as foreground occlusion. Complete the dominant action by 4.5 seconds, match the supplied ARC-KF18 LAST frame exactly, and hold motionless through 5.0 seconds. painterly graphic-novel realism, visible brushstrokes, art-deco gold-teal above, neon green-magenta undercity, hand-drawn smoke, hard rim light. No dialogue. No background music.",""
"ARC-018","ACT III - THE CORE","ARC-KF18","ARC-KF19","CORE","395403","","","pending","0","0","ARC-018.mp4","Generate single shot. Treat the supplied ARC-KF18 FIRST frame and ARC-KF19 LAST frame as immutable exact endpoints. The existing pneumatic tubes release one coordinated flight of brass cards toward the central hopper while each card shadow shows a tiny scene of the machine that sent it; the full hopper closes its lid once. Make one steady 40 mm lateral track right ten metres beneath the tubes, preserving card count continuity, tube paths, real shadows, rear-view engineer, green-magenta workshop palette, and hopper geometry as the closed lid supplies the landing surface. Complete the dominant action by 4.5 seconds, match the supplied ARC-KF19 LAST frame exactly, and hold motionless through 5.0 seconds. painterly graphic-novel realism, visible brushstrokes, art-deco gold-teal above, neon green-magenta undercity, hand-drawn smoke, hard rim light. No dialogue. No background music.",""
"ARC-019","ACT III - THE CORE","ARC-KF19","ARC-KF20","CORE","395403","","","pending","0","0","ARC-019.mp4","Generate single shot. Treat the supplied ARC-KF19 FIRST frame and ARC-KF20 LAST frame as immutable exact endpoints. The existing screw press completes one measured compression of the loaded cards into a single rough dark gem; at the strike, the room's light stamps down as one coherent plane and the opened press holds the steaming result. Keep one locked 50 mm camera with zero translation and zero orbit on the press bed, preserving the screw, hopper, bright work-light rectangle, engineer silhouette, iron floor, green-magenta machinery, and centered vertical mechanism. Complete the dominant action by 4.5 seconds, match the supplied ARC-KF20 LAST frame exactly, and hold motionless through 5.0 seconds. painterly graphic-novel realism, visible brushstrokes, art-deco gold-teal above, neon green-magenta undercity, hand-drawn smoke, hard rim light. No dialogue. No background music.",""
"ARC-020","ACT III - THE CORE","ARC-KF20","ARC-KF21","CORE","395403","","","pending","0","0","ARC-020.mp4","Generate single shot. Treat the supplied ARC-KF20 FIRST frame and ARC-KF21 LAST frame as immutable exact endpoints. The existing brass lathe cuts the rough gem facet by facet through one continuous rotation while each new facet shows a different machine scene as a stable embedded image; the final facet catches the vat's magenta glow. Make one slow 85 mm macro track forward 1.2 metres along the cutting head, preserving the gem's polygon count, brass cradle, rear-view engineer, rigid assembly, work light, and distinct facet boundaries as the completed gem fills the supplied landing composition. Complete the dominant action by 4.5 seconds, match the supplied ARC-KF21 LAST frame exactly, and hold motionless through 5.0 seconds. painterly graphic-novel realism, visible brushstrokes, art-deco gold-teal above, neon green-magenta undercity, hand-drawn smoke, hard rim light. No dialogue. No background music.",""
"ARC-021","ACT III - THE CORE","ARC-KF21","ARC-KF22","CORE","395403","","","pending","0","0","ARC-021.mp4","Generate single shot. Treat the supplied ARC-KF21 FIRST frame and ARC-KF22 LAST frame as immutable exact endpoints. The existing magenta arcs crawl from the two opposing coils toward the suspended faceted gem while each coil shadow lengthens and both shadows join into one tower silhouette on the chamber wall. Make one slow 45 mm clockwise orbit of ninety degrees around the chamber at constant speed, preserving the upper and lower coils, centered gem, rear-view engineer, rigid machinery, magenta energy, hard rim light, and real wall shadow as the arcs reach the supplied ignition position. Complete the dominant action by 4.5 seconds, match the supplied ARC-KF22 LAST frame exactly, and hold motionless through 5.0 seconds. painterly graphic-novel realism, visible brushstrokes, art-deco gold-teal above, neon green-magenta undercity, hand-drawn smoke, hard rim light. No dialogue. No background music.",""
"ARC-022","ACT III - THE CORE","ARC-KF22","ARC-KF23","CORE","395403","","","pending","0","0","ARC-022.mp4","Generate single shot. Treat the supplied ARC-KF22 FIRST frame and ARC-KF23 LAST frame as immutable exact endpoints. The existing magenta arcs strike the suspended gem and turn blue as they pass through it; one coherent blue shockwave then repaints the chamber surfaces in brighter brushstrokes from the gem outward. Make one controlled 40 mm push forward six metres into the flood of light, preserving the faceted core, opposing coils, rear-view engineer, rigid iron pipes, chamber geometry, and hand-drawn energy as the supplied blue ignition state becomes stable. Complete the dominant action by 4.5 seconds, match the supplied ARC-KF23 LAST frame exactly, and hold motionless through 5.0 seconds. painterly graphic-novel realism, visible brushstrokes, art-deco gold-teal above, neon green-magenta undercity, hand-drawn smoke, hard rim light. No dialogue. No background music.",""
"ARC-023","ACT III - THE CORE","ARC-KF23","ARC-KF24","CORE","395403","","","pending","0","0","ARC-023.mp4","Generate single shot. Treat the supplied ARC-KF23 FIRST frame and ARC-KF24 LAST frame as immutable exact endpoints. The stable blue light runs upward through the existing pipe network floor by floor, and each architectural era wakes in its own palette only as the physical light front reaches it before arriving at the street grates. Make one steady 35 mm vertical rise thirty-five metres alongside the light, preserving every masonry stratum, rigid pipe axis, centered composition, era boundaries, and causal illumination as the upper-city direction enters the supplied frame. Complete the dominant action by 4.5 seconds, match the supplied ARC-KF24 LAST frame exactly, and hold motionless through 5.0 seconds. painterly graphic-novel realism, visible brushstrokes, art-deco gold-teal above, neon green-magenta undercity, hand-drawn smoke, hard rim light. No dialogue. No background music.",""
"ARC-024","ACT III - THE CORE","ARC-KF24","ARC-KF25","CORE","395403","","","pending","0","0","ARC-024.mp4","Generate single shot. Treat the supplied ARC-KF24 FIRST frame and ARC-KF25 LAST frame as immutable exact endpoints. The blue light reaches the upper street one beat before it finishes leaving below, then the existing lamps, monuments, and clock ring bloom in one causal street-level sequence until the city stands fully lit. Make one slow 40 mm push forward two metres at street level, preserving the tower axis, gold-teal architecture, open grate, streetlamp spacing, blue central thread, and consistent light direction as the last real brass reflection fills the lens. Complete the dominant action by 4.5 seconds, match the supplied ARC-KF25 LAST frame exactly, and hold motionless through 5.0 seconds. painterly graphic-novel realism, visible brushstrokes, art-deco gold-teal above, neon green-magenta undercity, hand-drawn smoke, hard rim light. No dialogue. No background music.",""
"ARC-025","ACT IV - THE DISTRICTS WAKE","ARC-KF25","ARC-KF26","DISTRICTS","416504","","","pending","0","0","ARC-025.mp4","Generate single shot. Treat the supplied ARC-KF25 FIRST frame and ARC-KF26 LAST frame as immutable exact endpoints. The exactly five existing district pools wake together and fuse through the engraved channels into one continuous gradient; the arena pool expands within that same physical light path until its globe becomes the destination. Make one slow 40 mm lateral track right three metres past the brass model, preserving exactly five pools, two observer silhouettes, tabletop geometry, blue connecting lines, and city layout as the real arena globe and glass rim fill the lens. Complete the dominant action by 4.5 seconds, match the supplied ARC-KF26 LAST frame exactly, and hold motionless through 5.0 seconds. painterly graphic-novel realism, visible brushstrokes, art-deco gold-teal above, neon green-magenta undercity, hand-drawn smoke, hard rim light. No dialogue. No background music.",""
"ARC-026","ACT IV - THE DISTRICTS WAKE","ARC-KF26","ARC-KF27","DISTRICTS","416504","","","pending","0","0","ARC-026.mp4","Generate single shot. Treat the supplied ARC-KF26 FIRST frame and ARC-KF27 LAST frame as immutable exact endpoints. One arena match streak travels between the existing floating islands while every island shadow on the emerald-teal ocean remains the exact shape of its district-map counterpart and the distant sport action stays coherent. Make one steady 35 mm track forward twenty metres in a flythrough between islands, preserving their positions, brass rings, ocean scale, upper-city daylight, blue paths, and rigid map correspondence as the active platform becomes the supplied destination. Complete the dominant action by 4.5 seconds, match the supplied ARC-KF27 LAST frame exactly, and hold motionless through 5.0 seconds. painterly graphic-novel realism, visible brushstrokes, art-deco gold-teal above, neon green-magenta undercity, hand-drawn smoke, hard rim light. No dialogue. No background music.",""
"ARC-027","ACT IV - THE DISTRICTS WAKE","ARC-KF27","ARC-KF28","DISTRICTS","416504","","","pending","0","0","ARC-027.mp4","Generate single shot. Treat the supplied ARC-KF27 FIRST frame and ARC-KF28 LAST frame as immutable exact endpoints. One foreground athlete completes a single long sport leap between the existing islands while the brass ring unfurls heraldic banners as the score; the banners settle as the athlete reaches the landing platform. Make one steady 35 mm tracking move forward ten metres beside the athlete at matching speed, preserving the floating-island positions, emerald-teal ocean, blue light trail, distant participants, gold architecture, and safe athletic staging as the real fabric supplies a foreground wipe. Complete the dominant action by 4.5 seconds, match the supplied ARC-KF28 LAST frame exactly, and hold motionless through 5.0 seconds. painterly graphic-novel realism, visible brushstrokes, art-deco gold-teal above, neon green-magenta undercity, hand-drawn smoke, hard rim light. No dialogue. No background music.",""
"ARC-028","ACT IV - THE DISTRICTS WAKE","ARC-KF28","ARC-KF29","DISTRICTS","416504","","","pending","0","0","ARC-028.mp4","Generate single shot. Treat the supplied ARC-KF28 FIRST frame and ARC-KF29 LAST frame as immutable exact endpoints. The existing flat painted mask mural performs one continuous peel away from the stone wall, becoming a rigid 3D carved king who completes the motion by placing one foot onto the terrace. Make one slow 50 mm push forward four metres as the peel completes, preserving the same face, leaf silhouette, warm jungle inlays, terrace masonry, material colors, and upper-city daylight as the newly physical figure fills the supplied landing composition. Complete the dominant action by 4.5 seconds, match the supplied ARC-KF29 LAST frame exactly, and hold motionless through 5.0 seconds. painterly graphic-novel realism, visible brushstrokes, art-deco gold-teal above, neon green-magenta undercity, hand-drawn smoke, hard rim light. No dialogue. No background music.",""
"ARC-029","ACT IV - THE DISTRICTS WAKE","ARC-KF29","ARC-KF30","DISTRICTS","416504","","","pending","0","0","ARC-029.mp4","Generate single shot. Treat the supplied ARC-KF29 FIRST frame and ARC-KF30 LAST frame as immutable exact endpoints. The existing artillery arcs rise above the dusk hill, freeze once into a readable dotted diagram when the carved king looks upward, resume their coherent paths, and let one arc land as a soft distant firework. Make one slow 45 mm crane upward sixteen metres from the hill toward the sky, preserving the king from behind, brass cannon park, amber dusk, safe public space, crowd scale, and exact arc spacing as the warm smoke supplies natural foreground occlusion. Complete the dominant action by 4.5 seconds, match the supplied ARC-KF30 LAST frame exactly, and hold motionless through 5.0 seconds. painterly graphic-novel realism, visible brushstrokes, art-deco gold-teal above, neon green-magenta undercity, hand-drawn smoke, hard rim light. No dialogue. No background music.",""
"ARC-030","ACT IV - THE DISTRICTS WAKE","ARC-KF30","ARC-KF31","DISTRICTS","416504","","","pending","0","0","ARC-030.mp4","Generate single shot. Treat the supplied ARC-KF30 FIRST frame and ARC-KF31 LAST frame as immutable exact endpoints. The final edible sheet completes one gentle settling action onto the existing cake while every cake reflection in the polished brass counter shows its stable source picture and the last reflection aligns with the statue-hall archway. Make one slow 55 mm lateral track right eight metres along the counter, preserving the bakers from behind, floral cakes, glass dome, carousel, warm daylight, brass surfaces, and distinct source pictures as the real final reflection fills the lens. Complete the dominant action by 4.5 seconds, match the supplied ARC-KF31 LAST frame exactly, and hold motionless through 5.0 seconds. painterly graphic-novel realism, visible brushstrokes, art-deco gold-teal above, neon green-magenta undercity, hand-drawn smoke, hard rim light. No dialogue. No background music.",""
"ARC-031","ACT IV - THE DISTRICTS WAKE","ARC-KF31","ARC-KF32","DISTRICTS","416504","","","pending","0","0","ARC-031.mp4","Generate single shot. Treat the supplied ARC-KF31 FIRST frame and ARC-KF32 LAST frame as immutable exact endpoints. One style seam travels steadily across the same face through the four existing archways—painted naturalism, toon, faceted form, and dusk—while both eyes remain aligned and the fourth arch completes the transformation. Make one slow 85 mm push forward two metres on the face mid-cross, preserving one identity, four stable presentations, arch geometry, marble-brass materials, gaze direction, and centered facial proportions as the fourth real arch fills the supplied landing composition. Complete the dominant action by 4.5 seconds, match the supplied ARC-KF32 LAST frame exactly, and hold motionless through 5.0 seconds. painterly graphic-novel realism, visible brushstrokes, art-deco gold-teal above, neon green-magenta undercity, hand-drawn smoke, hard rim light. No dialogue. No background music.",""
"ARC-032","ACT IV - THE DISTRICTS WAKE","ARC-KF32","ARC-KF33","DISTRICTS","416504","","","pending","0","0","ARC-032.mp4","Generate single shot. Treat the supplied ARC-KF32 FIRST frame and ARC-KF33 LAST frame as immutable exact endpoints. The existing giant brass crank performs one deliberate half-turn in reverse, making the projected film run backward while it remains contained inside the screen behind its rigid brass frame; the crank stops and the frame holds. Make one slow 40 mm track forward eight metres from behind the crank toward the screen, preserving the audience silhouettes, curved film path, projector light, wheel geometry, theater scale, and screen surface as the held image fills the supplied landing composition. Complete the dominant action by 4.5 seconds, match the supplied ARC-KF33 LAST frame exactly, and hold motionless through 5.0 seconds. painterly graphic-novel realism, visible brushstrokes, art-deco gold-teal above, neon green-magenta undercity, hand-drawn smoke, hard rim light. No dialogue. No background music.",""
"ARC-033","ACT IV - THE DISTRICTS WAKE","ARC-KF33","ARC-KF34","DISTRICTS","416504","","","pending","0","0","ARC-033.mp4","Generate single shot. Treat the supplied ARC-KF33 FIRST frame and ARC-KF34 LAST frame as immutable exact endpoints. The walking adult completes one circuit to the empty chair and rests one hand on it while the lamps at exactly six desks cast one shared shadow direction across the round chamber floor. Make one patient 50 mm clockwise orbit of one hundred twenty degrees inside the circle, preserving exactly six desks, five seated workers, one empty chair, six different crafts, warm lamp pools, circular spacing, and stable adult silhouettes as the shared shadow points toward the supplied destination. Complete the dominant action by 4.5 seconds, match the supplied ARC-KF34 LAST frame exactly, and hold motionless through 5.0 seconds. painterly graphic-novel realism, visible brushstrokes, art-deco gold-teal above, neon green-magenta undercity, hand-drawn smoke, hard rim light. No dialogue. No background music.",""
"ARC-034","ACT IV - THE DISTRICTS WAKE","ARC-KF34","ARC-KF35","DISTRICTS","416504","","","pending","0","0","ARC-034.mp4","Generate single shot. Treat the supplied ARC-KF34 FIRST frame and ARC-KF35 LAST frame as immutable exact endpoints. The gold-teal upper-city palette and green-magenta undercity palette meet at the horizon as one seamless painted gradient while both cities complete one slow breath of light and the existing blue thread keeps them joined. Make one slow 30 mm crane upward twenty metres and hold, preserving the bridge tower, faceless engineer, city geometry, night haze, palette identities, horizon, and continuous blue connection as the real tower window becomes the supplied transition surface. Complete the dominant action by 4.5 seconds, match the supplied ARC-KF35 LAST frame exactly, and hold motionless through 5.0 seconds. painterly graphic-novel realism, visible brushstrokes, art-deco gold-teal above, neon green-magenta undercity, hand-drawn smoke, hard rim light. No dialogue. No background music.",""
"ARC-035","ACT V - THE BRIDGE","ARC-KF35","ARC-KF36","BRIDGE","527605","","","pending","0","0","ARC-035.mp4","Generate single shot. Treat the supplied ARC-KF35 FIRST frame and ARC-KF36 LAST frame as immutable exact endpoints. The existing brass rule lines rise from the ledger page one half-beat before the blue stylus reaches each position, then the completed page turns once to a blank spread as one continuous bookkeeping action. Make one slow 85 mm macro track forward 1.5 metres down the page, preserving the paper fibers, abstract seals, inlaid borders, stylus shape, warm desk light, and rigid brass geometry as the raised final rule supplies physical foreground occlusion. Complete the dominant action by 4.5 seconds, match the supplied ARC-KF36 LAST frame exactly, and hold motionless through 5.0 seconds. painterly graphic-novel realism, visible brushstrokes, art-deco gold-teal above, neon green-magenta undercity, hand-drawn smoke, hard rim light. No dialogue. No background music.",""
"ARC-036","ACT V - THE BRIDGE","ARC-KF36","ARC-KF37","BRIDGE","527605","","","pending","0","0","ARC-036.mp4","Generate single shot. Treat the supplied ARC-KF36 FIRST frame and ARC-KF37 LAST frame as immutable exact endpoints. The existing heliograph performs one patient light exchange across the dark ocean: the far shore answers the same rhythm in reverse and both rhythms interleave once before becoming steady. Keep one patient held 50 mm camera with zero translation and zero orbit aimed past the signal lamp toward the horizon, preserving the paired light path, tower geometry, blue bridge lamps, ocean darkness, restrained dawn edge, and exact far-shore position as the real lens remains the foreground anchor. Complete the dominant action by 4.5 seconds, match the supplied ARC-KF37 LAST frame exactly, and hold motionless through 5.0 seconds. painterly graphic-novel realism, visible brushstrokes, art-deco gold-teal above, neon green-magenta undercity, hand-drawn smoke, hard rim light. No dialogue. No background music.",""
"ARC-037","ACT V - THE BRIDGE","ARC-KF37","ARC-KF38","BRIDGE","527605","","","pending","0","0","ARC-037.mp4","Generate single shot. Treat the supplied ARC-KF37 FIRST frame and ARC-KF38 LAST frame as immutable exact endpoints. The same adult faceless engineer walks twelve metres toward the gallery while the existing single shadow splits into one gold twin and one magenta twin that remain separated and move in step beside the coat. Make one steady 40 mm retreat ten metres ahead of the engineer at matching speed, preserving the bridge rail, both city lights, dawn direction, navy coat, gold seams, adult silhouette, and two colored shadows until the gallery end becomes the supplied destination. Complete the dominant action by 4.5 seconds, match the supplied ARC-KF38 LAST frame exactly, and hold motionless through 5.0 seconds. painterly graphic-novel realism, visible brushstrokes, art-deco gold-teal above, neon green-magenta undercity, hand-drawn smoke, hard rim light. No dialogue. No background music.",""
"ARC-038","ACT V - THE BRIDGE","ARC-KF38","ARC-KF39","BRIDGE","527605","","","pending","0","0","ARC-038.mp4","Generate single shot. Treat the supplied ARC-KF38 FIRST frame and ARC-KF39 LAST frame as immutable exact endpoints. The existing half-pulled dust sheet keeps its real fabric shape while its folds hint at the next monument's silhouette and one band of morning light climbs from the empty plinth base to its top. Make one slow 50 mm push forward two metres and settle on the waiting plinth, preserving the clearly empty stone, gallery avenue, teal cloth, gold daylight, rigid pedestal, and benign atmosphere as the illuminated folds become the supplied transition surface. Complete the dominant action by 4.5 seconds, match the supplied ARC-KF39 LAST frame exactly, and hold motionless through 5.0 seconds. painterly graphic-novel realism, visible brushstrokes, art-deco gold-teal above, neon green-magenta undercity, hand-drawn smoke, hard rim light. No dialogue. No background music.",""
"ARC-039","ACT V - THE BRIDGE","ARC-KF39","ARC-KF40","BRIDGE","527605","","","pending","0","0","ARC-039.mp4","Generate single shot. Treat the supplied ARC-KF39 FIRST frame and ARC-KF40 LAST frame as immutable exact endpoints. One small facet of the stable blue public core shows this exact camera move as it recurs inside its own image while the surrounding facets show the living districts and settle into steady light as dawn rises. Make one slow 60 mm push forward two metres into the facet field, preserving the core housing, clockwork, gathered citizens, blue geometry, gold hall, district identities, and sunrise direction as the recursive real facet fills the supplied composition. Complete the dominant action by 4.5 seconds, match the supplied ARC-KF40 LAST frame exactly, and hold motionless through 5.0 seconds. painterly graphic-novel realism, visible brushstrokes, art-deco gold-teal above, neon green-magenta undercity, hand-drawn smoke, hard rim light. No dialogue. No background music.",""
"ARC-040","ACT V - THE BRIDGE","ARC-KF40","ARC-KF01","BRIDGE","527605","","","pending","0","0","ARC-040.mp4","Generate single shot. Treat the supplied ARC-KF40 FIRST frame and ARC-KF01 LAST frame as immutable exact endpoints. The same city performs one continuous predawn-to-sunrise light change: streetlamps dim into honest daylight while the final visible cloud brushstroke lays itself in the exact opening shape and then settles. Keep one held 35 mm aerial camera with zero translation and zero orbit, preserving the skyline, central tower, avenue, cliff, ocean, airship lanes, horizon, and composition until the supplied gilded opening frame is matched exactly. Complete the dominant action by 4.5 seconds, match the supplied ARC-KF01 LAST frame exactly, and hold motionless through 5.0 seconds. painterly graphic-novel realism, visible brushstrokes, art-deco gold-teal above, neon green-magenta undercity, hand-drawn smoke, hard rim light. No dialogue. No background music.",""
