clip,act,title,first,last,duration_seconds,frames,status,task_id,seed,file
DSN2-021,VII,The Last Ember,KF01,KF21,5.000,150,reference-ready,,,wan/DSN2-021.mp4
DSN2-022,VII,The Listening Emblem,KF21,KF22,5.000,150,reference-ready,,,wan/DSN2-022.mp4
DSN2-023,VII,The Second Latch,KF22,KF23,5.000,150,reference-ready,,,wan/DSN2-023.mp4
DSN2-024,VII,The Night Page,KF23,KF24,5.000,150,reference-ready,,,wan/DSN2-024.mp4
DSN2-025,VII,The Aperture Kingdom,KF24,KF25,5.000,150,reference-ready,,,wan/DSN2-025.mp4
DSN2-026,VII,The Clock Without Time,KF25,KF26,5.000,150,reference-ready,,,wan/DSN2-026.mp4
DSN2-027,VII,The Stilled Heart,KF26,KF27,5.000,150,reference-ready,,,wan/DSN2-027.mp4
DSN2-028,VII,The First Pulse,KF27,KF28,5.000,150,reference-ready,,,wan/DSN2-028.mp4
DSN2-029,VII,The Dark District,KF28,KF29,5.000,150,reference-ready,,,wan/DSN2-029.mp4
DSN2-030,VII,The Messenger,KF29,KF30,5.000,150,reference-ready,,,wan/DSN2-030.mp4
DSN2-031,VIII,The Torn Route,KF30,KF31,5.000,150,reference-ready,,,wan/DSN2-031.mp4
DSN2-032,VIII,The First Fold,KF31,KF32,5.000,150,reference-ready,,,wan/DSN2-032.mp4
DSN2-033,VIII,The Wind Test,KF32,KF33,5.000,150,reference-ready,,,wan/DSN2-033.mp4
DSN2-034,VIII,The Crossing,KF33,KF34,5.000,150,reference-ready,,,wan/DSN2-034.mp4
DSN2-035,VIII,The Silent Workshop,KF34,KF35,5.000,150,reference-ready,,,wan/DSN2-035.mp4
DSN2-036,VIII,The Quiet Channel,KF35,KF36,5.000,150,reference-ready,,,wan/DSN2-036.mp4
DSN2-037,VIII,The Ink Wedge,KF36,KF37,5.000,150,reference-ready,,,wan/DSN2-037.mp4
DSN2-038,VIII,The False Teeth,KF37,KF38,5.000,150,reference-ready,,,wan/DSN2-038.mp4
DSN2-039,VIII,The True Tooth,KF38,KF39,5.000,150,reference-ready,,,wan/DSN2-039.mp4
DSN2-040,VIII,The District Wakes,KF39,KF40,5.000,150,reference-ready,,,wan/DSN2-040.mp4
DSN2-041,IX,Ink at the Horizon,KF40,KF41,5.000,150,reference-ready,,,wan/DSN2-041.mp4
DSN2-042,IX,The Gates Fold Shut,KF41,KF42,5.000,150,reference-ready,,,wan/DSN2-042.mp4
DSN2-043,IX,Anchor Threads,KF42,KF43,5.000,150,reference-ready,,,wan/DSN2-043.mp4
DSN2-044,IX,Rain into Channels,KF43,KF44,5.000,150,reference-ready,,,wan/DSN2-044.mp4
DSN2-045,IX,The Tower Takes the Wind,KF44,KF45,5.000,150,reference-ready,,,wan/DSN2-045.mp4
DSN2-046,IX,One Lantern Route,KF45,KF46,5.000,150,reference-ready,,,wan/DSN2-046.mp4
DSN2-047,IX,The District Relay,KF46,KF47,5.000,150,reference-ready,,,wan/DSN2-047.mp4
DSN2-048,IX,The Storm Divides,KF47,KF48,5.000,150,reference-ready,,,wan/DSN2-048.mp4
DSN2-049,IX,The Storm Sheet,KF48,KF49,5.000,150,reference-ready,,,wan/DSN2-049.mp4
DSN2-050,IX,Road after Rain,KF49,KF50,5.000,150,reference-ready,,,wan/DSN2-050.mp4
DSN2-051,X,The Gate Becomes a Stair,KF50,KF51,5.000,150,reference-ready,,,wan/DSN2-051.mp4
DSN2-052,X,The Drawer Canyon,KF51,KF52,5.000,150,reference-ready,,,wan/DSN2-052.mp4
DSN2-053,X,Routes That Did Not Hold,KF52,KF53,5.000,150,reference-ready,,,wan/DSN2-053.mp4
DSN2-054,X,Cracked Seals,KF53,KF54,5.000,150,reference-ready,,,wan/DSN2-054.mp4
DSN2-055,X,Kingdoms That Almost Worked,KF54,KF55,5.000,150,reference-ready,,,wan/DSN2-055.mp4
DSN2-056,X,Eight at the Inspection Wheel,KF55,KF56,5.000,150,reference-ready,,,wan/DSN2-056.mp4
DSN2-057,X,Failure Finds Weight,KF56,KF57,5.000,150,reference-ready,,,wan/DSN2-057.mp4
DSN2-058,X,Bridge of Discards,KF57,KF58,5.000,150,reference-ready,,,wan/DSN2-058.mp4
DSN2-059,X,"Eight Shadows, One Circle",KF58,KF59,5.000,150,reference-ready,,,wan/DSN2-059.mp4
DSN2-060,X,The Door beneath the Kingdom,KF59,KF60,5.000,150,reference-ready,,,wan/DSN2-060.mp4
DSN2-061,XI,The Deep Door,KF60,KF61,5.000,150,reference-ready,,,wan/DSN2-061.mp4
DSN2-062,XI,The Spool Forest,KF61,KF62,5.000,150,reference-ready,,,wan/DSN2-062.mp4
DSN2-063,XI,The Tension Chamber,KF62,KF63,5.000,150,reference-ready,,,wan/DSN2-063.mp4
DSN2-064,XI,The Counterweight Descent,KF63,KF64,5.000,150,reference-ready,,,wan/DSN2-064.mp4
DSN2-065,XI,The Unbroken Fibre,KF64,KF65,5.000,150,reference-ready,,,wan/DSN2-065.mp4
DSN2-066,XI,The Quiet Supports,KF65,KF66,5.000,150,reference-ready,,,wan/DSN2-066.mp4
DSN2-067,XI,The Threefold Braid,KF66,KF67,5.000,150,reference-ready,,,wan/DSN2-067.mp4
DSN2-068,XI,The Clockwork River,KF67,KF68,5.000,150,reference-ready,,,wan/DSN2-068.mp4
DSN2-069,XI,The Kingdom Lift,KF68,KF69,5.000,150,reference-ready,,,wan/DSN2-069.mp4
DSN2-070,XI,Sunrise Through Paper,KF69,KF70,5.000,150,reference-ready,,,wan/DSN2-070.mp4
DSN2-071,XII,The Observatory Unfolds,KF70,KF71,5.000,150,reference-ready,,,wan/DSN2-071.mp4
DSN2-072,XII,The Lantern Constellation,KF71,KF72,5.000,150,reference-ready,,,wan/DSN2-072.mp4
DSN2-073,XII,The Orbits Align,KF72,KF73,5.000,150,reference-ready,,,wan/DSN2-073.mp4
DSN2-074,XII,The Moon Iris,KF73,KF74,5.000,150,reference-ready,,,wan/DSN2-074.mp4
DSN2-075,XII,The Ascending Route,KF74,KF75,5.000,150,reference-ready,,,wan/DSN2-075.mp4
DSN2-076,XII,The Paper Planets,KF75,KF76,5.000,150,reference-ready,,,wan/DSN2-076.mp4
DSN2-077,XII,The Cosmic Loom,KF76,KF77,5.000,150,reference-ready,,,wan/DSN2-077.mp4
DSN2-078,XII,The Empty Socket,KF77,KF78,5.000,150,reference-ready,,,wan/DSN2-078.mp4
DSN2-079,XII,The Messenger Star,KF78,KF79,5.000,150,reference-ready,,,wan/DSN2-079.mp4
DSN2-080,XII,The Outward Beam,KF79,KF80,5.000,150,reference-ready,,,wan/DSN2-080.mp4
DSN2-081,XIII,The Moon Passage,KF80,KF81,5.000,150,reference-ready,,,wan/DSN2-081.mp4
DSN2-082,XIII,The Nested Workshop,KF81,KF82,5.000,150,reference-ready,,,wan/DSN2-082.mp4
DSN2-083,XIII,The Other Volumes,KF82,KF83,5.000,150,reference-ready,,,wan/DSN2-083.mp4
DSN2-084,XIII,The Escaping Thread,KF83,KF84,5.000,150,reference-ready,,,wan/DSN2-084.mp4
DSN2-085,XIII,The Paper Courier,KF84,KF85,5.000,150,reference-ready,,,wan/DSN2-085.mp4
DSN2-086,XIII,Across the Shelves,KF85,KF86,5.000,150,reference-ready,,,wan/DSN2-086.mp4
DSN2-087,XIII,The Sleeping Shelf,KF86,KF87,5.000,150,reference-ready,,,wan/DSN2-087.mp4
DSN2-088,XIII,The Shared Spark,KF87,KF88,5.000,150,reference-ready,,,wan/DSN2-088.mp4
DSN2-089,XIII,The Library Wakes,KF88,KF89,5.000,150,reference-ready,,,wan/DSN2-089.mp4
DSN2-090,XIII,The Far Door,KF89,KF90,5.000,150,reference-ready,,,wan/DSN2-090.mp4
DSN2-091,XIV,The Open Horizon,KF90,KF91,5.000,150,reference-ready,,,wan/DSN2-091.mp4
DSN2-092,XIV,The First Step,KF91,KF92,5.000,150,reference-ready,,,wan/DSN2-092.mp4
DSN2-093,XIV,The Many Roads,KF92,KF93,5.000,150,reference-ready,,,wan/DSN2-093.mp4
DSN2-094,XIV,The Trial Rings,KF93,KF94,5.000,150,reference-ready,,,wan/DSN2-094.mp4
DSN2-095,XIV,The Human Mark,KF94,KF95,5.000,150,reference-ready,,,wan/DSN2-095.mp4
DSN2-096,XIV,The Kingdom Answers,KF95,KF96,5.000,150,reference-ready,,,wan/DSN2-096.mp4
DSN2-097,XIV,Every District Moves,KF96,KF97,5.000,150,reference-ready,,,wan/DSN2-097.mp4
DSN2-098,XIV,The Road Returns,KF97,KF98,5.000,150,reference-ready,,,wan/DSN2-098.mp4
DSN2-099,XIV,The Unfinished Page,KF98,KF99,5.000,150,reference-ready,,,wan/DSN2-099.mp4
DSN2-100,XIV,The Open Circle,KF99,KF100,5.000,150,reference-ready,,,wan/DSN2-100.mp4
